Plugin Name,Purpose,Cost,Priority
Elementor (Free/Pro),Page builder for custom design,"Free/₹4,000 year",Essential
Contact Form 7,Contact and booking forms,Free,Essential
Yoast SEO,Search engine optimization,"Free/₹6,500 year",Essential
WP Booking Calendar,Online appointment booking,"Free/₹2,500 year",High
Instagram Feed,Social media integration,"Free/₹3,500 year",High
Google Maps,Location and directions,Free,High
WP Rocket (Optional),Speed optimization,"₹3,500/year",Medium
BackupBuddy,Website backup,"₹5,000/year",High
Wordfence Security,Security protection,"Free/₹7,500 year",Essential
WPML (Multi-language),Multi-language support,"₹12,000/year",Optional
